point,system,L-mode,L-Ordinate-N(Y),L-Abscissa-E(X),L-Rel-0-points,L-Elevation,R-mode,R-Ordinate-N(Y),R-Abscissa-E(X),R-Rel-0-points,R-Elevation
淡000,97,GPS,2784579.02300000000 ,291985.55900000000 ,242.29,4.03141837776 ,支距,2785395.20150000000 ,292498.59950000000 ,1206.32210449776 ,4.59583830127 
,67,轉換,2784782.77800000000 ,291154.96900000000 ,,,轉換,2785598.95400000000 ,291667.99600000000 ,,
, 地籍,轉換,113622.97636363600 ,73897.50181818180 ,,,轉換,114440.22000000000 ,74408.54363636360 ,,
淡001,97,GPS,2783852.90700000000 ,292276.77100000000 ,-149,2.39491463994 , GPS,2785319.55200000000 ,293151.52600000000 ,1558.70133982792 ,3.02447486465 
,67,轉換,2784056.66300000000 ,291446.18500000000 ,,, 轉換,2785523.31200000000 ,292320.91600000000 ,,
, 地籍,轉換,112897.57818181800 ,74190.30727272730 ,,, 轉換,114366.04545454500 ,75061.49818181820 ,,
淡002,97,GPS,2783802.43000000000 ,292824.22200000000 ,-0.84,3.32980834711 , 支距,2785095.58400000000 ,293733.04050000000 ,1579.72899047694 ,4.14757232972 
,67,轉換,2784006.18800000000 ,291993.63100000000 ,,, 轉換,2785299.34900000000 ,292902.42400000000 ,,
, 地籍,轉換,112848.34909090900 ,74737.74909090910 ,,, 轉換,114143.42181818200 ,75643.40000000000 ,,
淡003,97,支距,2783612.50150000000 ,293456.68500000000 ,76.26,4.64280400006 , GPS,2784687.04500000000 ,294243.16900000000 ,1407.87586639975 ,3.27777837399 
,67,轉換,2783816.25200000000 ,292626.09000000000 ,,, 轉換,2784890.81300000000 ,293412.55000000000 ,,
, 地籍,轉換,112659.88545454500 ,75370.50181818180 ,,, 轉換,113736.09272727300 ,76154.34363636360 ,,
淡004,97,GPS,2783169.25200000000 ,293990.16700000000 ,-84.18,13.74492756095 , GPS,2784311.80900000000 ,294905.04100000000 ,1379.52452418686 ,3.72663906576 
,67,轉換,2783372.98900000000 ,293159.57400000000 ,,, 轉換,2784515.58100000000 ,294074.41900000000 ,,
, 地籍,轉換,112217.91454545500 ,75904.88181818180 ,,, 轉換,113362.42181818200 ,76816.91818181820 ,,
淡005,97,GPS,2782853.74800000000 ,294381.28800000000 ,-10.79,5.69967934515 , GPS,2783770.90800000000 ,295581.62700000000 ,1499.83774386027 ,4.89606852704 
,67,轉換,2783057.48500000000 ,293550.69600000000 ,,, 轉換,2783974.68700000000 ,294751.00100000000 ,,
, 地籍,轉換,111903.36000000000 ,76296.64181818180 ,,, 轉換,112823.16727272700 ,77494.59090909090 ,,
淡006,97,GPS,2782172.26500000000 ,294925.39900000000 ,17.07,8.23776250275 , GPS,2782766.84700000000 ,296290.64900000000 ,1506.17554267450 ,10.11302468112 
,67,轉換,2782376.00400000000 ,294094.81700000000 ,,, 轉換,2782970.64100000000 ,295460.03800000000 ,,
, 地籍,轉換,111223.25818181800 ,76842.21090909090 ,,, 轉換,111820.91454545500 ,78205.78000000000 ,,
淡007,97,GPS,2781797.95500000000 ,295071.19500000000 ,26.82,4.38535849836 , GPS,2782101.68300000000 ,296339.47400000000 ,1330.96045249161 ,9.15783862179 
,67,轉換,2782001.69600000000 ,294240.62000000000 ,,, 轉換,2782305.47300000000 ,295508.89200000000 ,,
, 地籍,轉換,110849.35272727300 ,76988.84909090910 ,,, 轉換,111155.97090909100 ,78256.14545454540 ,,
淡008,97,GPS,2781397.06700000000 ,295286.74700000000 ,38.43,2.60215564170 , GPS,2781470.85100000000 ,296346.03600000000 ,1100.28557595047 ,7.09541876392 
,67,轉換,2781600.81500000000 ,294456.18000000000 ,,, 轉換,2781674.63700000000 ,295515.48200000000 ,,
, 地籍,轉換,110449.03272727300 ,77205.30000000000 ,,, 轉換,110525.27454545500 ,78264.20000000000 ,,
淡009,97,GPS,2780653.87800000000 ,295570.46400000000 ,-0.03,3.50308730819 , GPS,2780705.47200000000 ,296303.67900000000 ,734.99801107240 ,4.47157190747 
,67,轉換,2780857.64200000000 ,294739.90200000000 ,,, 轉換,2780909.26500000000 ,295473.14600000000 ,,
, 地籍,轉換,109706.65090909100 ,77490.71454545450 ,,, 轉換,109759.95272727300 ,78223.67090909090 ,,
淡010,97,GPS,2779981.19700000000 ,295581.21700000000 ,-35.20,4.59178487900 , GPS,2780166.51400000000 ,296327.04600000000 ,733.30718131315 ,6.57756298835 
,67,轉換,2780184.97200000000 ,294750.62500000000 ,,, 轉換,2780370.32200000000 ,295496.49100000000 ,,
, 地籍,轉換,109034.13454545500 ,77503.05636363640 ,,, 轉換,109221.16909090900 ,78248.31818181820 ,,
淡010A,97,GPS,2779611.22700000000 ,295849.10200000000 ,2.41,4.04383306865 , GPS,2780000.93600000000 ,296464.47000000000 ,730.79923667580 ,11.92496849891 
,67,轉換,2779815.03000000000 ,295018.48900000000 ,,, 轉換,2780204.75800000000 ,295633.90400000000 ,,
, 地籍,轉換,108664.88000000000 ,77771.77272727270 ,,, 轉換,109055.94909090900 ,78386.11636363640 ,,
淡011,97,支距,2779349.88350000000 ,295922.94750000000 ,26.79,8.56341274939 , GPS,2779537.12700000000 ,296537.04500000000 ,668.79924276713 ,5.34124818690 
,67,轉換,2779553.70900000000 ,295092.31400000000 ,,, 轉換,2779740.98000000000 ,295706.42600000000 ,,
, 地籍,轉換,108403.76909090900 ,77846.22909090910 ,,, 轉換,108592.41272727300 ,78459.78727272730 ,,
淡012,97,GPS,2778737.30000000000 ,296186.70000000000 ,-0.01,5.70912000000 , GPS,2778976.75800000000 ,296683.47300000000 ,551.46397698625 ,4.33530620312 
,67,轉換,2778941.19000000000 ,295356.01400000000 ,,, 轉換,2779180.65000000000 ,295852.79900000000 ,,
, 地籍,轉換,107791.93272727300 ,78111.39454545450 ,,, 轉換,108032.50181818200 ,78607.52545454550 ,,
淡013,97,GPS,2777999.27700000000 ,296019.22900000000 ,-0.17,6.54975902369 , GPS,2777880.67300000000 ,297092.42500000000 ,1079.55985659930 ,5.79946312276 
,67,轉換,2778203.16900000000 ,295188.52700000000 ,,, 轉換,2778084.57400000000 ,296261.70900000000 ,,
, 地籍,轉換,107053.60545454500 ,77945.65636363640 ,,, 轉換,106937.48181818200 ,79018.96000000000 ,,
淡014,97,GPS,2776945.40100000000 ,296731.75100000000 ,43.19,9.45290557199 , GPS,2777849.74400000000 ,297156.45300000000 ,1042.29362348095 ,6.04736522874 
,67,轉換,2777149.25500000000 ,295901.04800000000 ,,, 轉換,2778053.64400000000 ,296325.73600000000 ,,
, 地籍,轉換,106001.38727272700 ,78660.46363636360 ,,, 轉換,106906.70000000000 ,79083.04909090910 ,,
淡015,97,GPS,2776778.49400000000 ,297441.07000000000 ,118.32,9.56274932434 , GPS,2777611.01000000000 ,297693.24600000000 ,988.19103942579 ,5.52232435976 
,67,轉換,2776982.35300000000 ,296610.35500000000 ,,, 轉換,2777814.90500000000 ,296862.51900000000 ,,
, 地籍,轉換,105836.10000000000 ,79370.04727272730 ,,, 轉換,106669.19818181800 ,79620.30909090910 ,,
淡016,97,GPS,2776598.99700000000 ,298158.54000000000 ,39.89,9.75149218910 , GPS,2777359.95500000000 ,298501.82900000000 ,874.69801103319 ,5.59486999707 
,67,轉換,2776802.85500000000 ,297327.81200000000 ,,, 轉換,2777563.84800000000 ,297671.08400000000 ,,
, 地籍,轉換,105658.23636363600 ,80087.80363636360 ,,, 轉換,106420.00727272700 ,80429.35090909090 ,,
淡017,97,GPS,2776438.23600000000 ,298645.09400000000 ,-96.55,9.65241485631 , GPS,2777150.55200000000 ,298956.66900000000 ,680.92865853743 ,6.07324399384 
,67,轉換,2776642.09100000000 ,297814.35800000000 ,,, 轉換,2777354.44500000000 ,298125.91100000000 ,,
, 地籍,轉換,105498.57636363600 ,80574.62909090910 ,,, 轉換,106211.64909090900 ,80884.60000000000 ,,
淡018,97,GPS,2776183.74900000000 ,299193.63100000000 ,-158.16,9.46957016903 , GPS,2776751.88100000000 ,299568.76800000000 ,522.64961963917 ,5.68114862813 
,67,轉換,2776387.60700000000 ,298362.88600000000 ,,, 轉換,2776955.77200000000 ,298737.99900000000 ,,
, 地籍,轉換,105245.30545454500 ,81123.61818181820 ,,, 轉換,105814.35454545500 ,81497.48181818180 ,,
淡019,97,GPS,2775973.82800000000 ,299538.84900000000 ,37.87,9.66441560830 , GPS,2776416.38000000000 ,299894.24100000000 ,605.45765522843 ,5.66131001718 
,67,轉換,2776177.68600000000 ,298708.10400000000 ,,, 轉換,2776620.26700000000 ,299063.47100000000 ,,
, 地籍,轉換,105036.13090909100 ,81469.21272727270 ,,, 轉換,105479.54545454500 ,81823.60363636360 ,,
淡020,97,GPS,2775544.72500000000 ,300009.67700000000 ,39.33,9.65594682332 , GPS,2775875.91600000000 ,300500.63600000000 ,631.55311518721 ,3.95400244452 
,67,轉換,2775748.58500000000 ,299178.93800000000 ,,, 轉換,2776079.79900000000 ,299669.87400000000 ,,
, 地籍,轉換,104607.99636363600 ,81940.82181818180 ,,, 轉換,104940.31090909100 ,82430.95272727270 ,,
淡020A,97,GPS,2775324.89100000000 ,300265.19700000000 ,79.16,3.48514572463 , 支距,2775376.58350000000 ,300956.53650000000 ,772.42936959354 ,4.56858044334 
,67,轉換,2775528.75300000000 ,299434.46300000000 ,,, 轉換,2775580.46100000000 ,300125.78700000000 ,,
, 地籍,轉換,104388.67090909100 ,82196.72363636360 ,,, 轉換,104441.83454545500 ,82887.69818181820 ,,
淡021,97,GPS,2775087.11900000000 ,300334.68500000000 ,38.60,9.70819689353 , GPS,2775405.95100000000 ,300926.36100000000 ,710.71184575183 ,4.09071586863 
,67,轉換,2775290.97900000000 ,299503.96000000000 ,,, 轉換,2775609.82800000000 ,300095.61000000000 ,,
, 地籍,轉換,104151.00727272700 ,82266.68727272730 ,,, 轉換,104471.14363636400 ,82857.47272727270 ,,
淡022,97,GPS,2774519.93300000000 ,300629.59500000000 ,79.67,10.08957691614 , 支距,2774599.09500000000 ,301238.87150000000 ,694.06765274309 ,6.25422608873 
,67,轉換,2774723.79600000000 ,299798.89400000000 ,,, 轉換,2774802.96800000000 ,300408.15800000000 ,,
, 地籍,轉換,103584.35454545500 ,82562.71454545450 ,,, 轉換,103664.77636363600 ,83171.56545454540 ,,
淡022A,97,支距,2774499.82600000000 ,300637.87900000000 ,-0.04,9.99271008202 , 支距,2774551.41900000000 ,301213.64800000000 ,578.03592841260 ,2.80884883793 
,67,轉換,2774703.68900000000 ,299807.17900000000 ,,, 轉換,2774755.29100000000 ,300382.93700000000 ,,
, 地籍,轉換,103564.26181818200 ,82571.03818181820 ,,, 轉換,103617.04363636400 ,83146.45818181820 ,,
淡023,97,GPS,2773972.97700000000 ,300803.99900000000 ,-28.10,9.82124814893 , GPS,2774103.35700000000 ,301324.37800000000 ,508.36365025134 ,3.34724082001 
,67,轉換,2774176.84700000000 ,299973.32500000000 ,,, 轉換,2774307.23400000000 ,300493.68800000000 ,,
, 地籍,轉換,103037.71090909100 ,82738.28545454540 ,,, 轉換,103169.15636363600 ,83258.16181818180 ,,
淡024,97,GPS,2773350.61700000000 ,300929.60700000000 ,5.09,9.92622833076 , GPS,2773367.95800000000 ,301326.92000000000 ,402.78124990371 ,2.30586531191 
,67,轉換,2773554.50200000000 ,300098.96100000000 ,,, 轉換,2773571.84800000000 ,300496.26200000000 ,,
, 地籍,轉換,102415.58545454500 ,82865.30363636360 ,,, 轉換,102433.73090909100 ,83262.43818181820 ,,
淡024A,97,支距,2772984.67350000000 ,300909.41000000000 ,-0.31,5.65065893457 , 支距,2772916.92350000000 ,301318.78250000000 ,414.63084669527 ,2.67842438920 
,67,轉換,2773188.56600000000 ,300078.76800000000 ,,, 轉換,2773120.82400000000 ,300488.13200000000 ,,
, 地籍,轉換,102049.59454545500 ,82845.98000000000 ,,, 轉換,101982.67818181800 ,83255.39272727270 ,,
淡025,97,GPS,2772854.73200000000 ,300874.10700000000 ,26.67,5.81490332915 , 支距,2772751.20050000000 ,301280.28900000000 ,445.83892610991 ,1.97848740116 
,67,轉換,2773058.62600000000 ,300043.46500000000 ,,, 轉換,2772955.10500000000 ,300449.63900000000 ,,
, 地籍,轉換,101919.57818181800 ,82810.99818181820 ,,, 轉換,101816.88181818200 ,83217.31454545450 ,,
淡026,97,GPS,2772380.70900000000 ,300661.96100000000 ,4.94,6.55432073687 , GPS,2772098.31300000000 ,301238.71100000000 ,647.11448043023 ,3.00731977064 
,67,轉換,2772584.61100000000 ,299831.31800000000 ,,, 轉換,2772302.23000000000 ,300408.05800000000 ,,
, 地籍,轉換,101445.11272727300 ,82600.04181818180 ,,, 轉換,101163.92909090900 ,83177.33818181820 ,,
淡026-1,97,GPS,2772236.10300000000 ,300547.37400000000 ,0,6.56263581361 , GPS,2771818.80900000000 ,301061.81000000000 ,662.40371415941 ,2.74611620105 
,67,轉換,2772440.00800000000 ,299716.73100000000 ,,, 轉換,2772022.72700000000 ,300231.15600000000 ,,
, 地籍,轉換,101300.26727272700 ,82485.83090909090 ,,, 轉換,100884.08181818200 ,83001.15818181820 ,,
淡027,97,GPS,2772014.49800000000 ,300293.33400000000 ,38.40,10.96112499255 , GPS,2771568.16500000000 ,300968.32400000000 ,847.61236210846 ,2.59659646606 
,67,轉換,2772218.40300000000 ,299462.68800000000 ,,, 轉換,2771772.08400000000 ,300137.66600000000 ,,
, 地籍,轉換,101078.14181818200 ,82232.38545454540 ,,, 轉換,100633.26181818200 ,82908.30000000000 ,,
淡027A,97,GPS,2771877.21900000000 ,300143.52600000000 ,-0.03,11.00066964551 , 支距,2771404.16250000000 ,300936.25050000000 ,923.11385936991 ,3.14230549532 
,67,轉換,2772081.12100000000 ,299312.87400000000 ,,, 轉換,2771608.08300000000 ,300105.58900000000 ,,
, 地籍,轉換,100940.55818181800 ,82082.94181818180 ,,, 轉換,100469.20363636400 ,82876.63090909090 ,,
淡027A-1,97,GPS,2771756.67200000000 ,300012.28200000000 ,-0.01,10.88306035725 , GPS,2771066.95300000000 ,300778.57200000000 ,1030.96655795871 ,2.51842883759 
,67,轉換,2771960.57100000000 ,299181.62400000000 ,,, 轉換,2771270.87300000000 ,299947.90100000000 ,,
, 地籍,轉換,100819.74000000000 ,81952.01636363640 ,,, 轉換,100131.68000000000 ,82719.79818181820 ,,
淡028,97,GPS,2771646.95400000000 ,299893.15400000000 ,51.40,10.98516746666 , 支距,2770884.21700000000 ,300621.44450000000 ,1105.99697683942 ,3.30292138505 
,67,轉換,2771850.85000000000 ,299062.48800000000 ,,, 轉換,2771088.13500000000 ,299790.76900000000 ,,
, 地籍,轉換,100709.76909090900 ,81833.18181818180 ,,, 轉換,99948.62181818180 ,82563.13818181820 ,,
淡028-1,97,GPS,2771389.54700000000 ,299612.65300000000 ,-0.04,10.92498695618 , 支距,2770814.83150000000 ,300548.41800000000 ,1098.11938786917 ,2.92785958907 
,67,轉換,2771593.43600000000 ,298781.97100000000 ,,, 轉換,2771018.74900000000 ,299717.74000000000 ,,
, 地籍,轉換,100451.77454545500 ,81553.36181818180 ,,, 轉換,99879.08545454540 ,82490.29090909090 ,,
淡028A,97,GPS,2771554.15900000000 ,299791.68500000000 ,-0.69,10.94496571158 , GPS,2770871.09800000000 ,300587.69800000000 ,1048.21849261965 ,2.92798550586 
,67,轉換,2771758.05200000000 ,298961.01300000000 ,,, 轉換,2771075.01600000000 ,299757.02200000000 ,,
, 地籍,轉換,100616.76000000000 ,81731.96000000000 ,,, 轉換,99935.43090909090 ,82529.42909090910 ,,
淡029,97,支距,2771334.66450000000 ,299553.47950000000 ,91.68,11.23982788256 , 支距,2770459.54450000000 ,300306.83000000000 ,1246.39727719405 ,3.11091093975 
,67,轉換,2771538.55200000000 ,298722.79500000000 ,,, 轉換,2770663.45800000000 ,299476.14000000000 ,,
, 地籍,轉換,100396.77090909100 ,81494.33090909090 ,,, 轉換,99523.32727272730 ,82249.59090909090 ,,
淡029-1,97,GPS,2771149.28800000000 ,299350.80100000000 ,-0.02,11.08702513205 , GPS,2770301.03600000000 ,300157.45400000000 ,1170.54418786568 ,2.86493152848 
,67,轉換,2771353.17200000000 ,298520.10700000000 ,,, 轉換,2770504.94700000000 ,299326.75900000000 ,,
, 地籍,轉換,100210.97636363600 ,81292.12000000000 ,,, 轉換,99364.54545454540 ,82100.57636363640 ,,
淡030,97,GPS,2771101.65500000000 ,299144.99900000000 ,153.03,11.33530836276 , GPS,2770063.38600000000 ,299544.02400000000 ,1265.33547377313 ,3.25957926054 
,67,轉換,2771305.53400000000 ,298314.30000000000 ,,, 轉換,2770267.28100000000 ,298713.31400000000 ,,
, 地籍,轉換,100162.90363636400 ,81086.47090909090 ,,, 轉換,99125.66000000000 ,81487.70363636360 ,,
淡031,97,GPS,2771101.65500000000 ,299144.99900000000 ,115.17,11.33530836276 , GPS,2769830.00500000000 ,299104.07600000000 ,1387.47830164263 ,3.79402977069 
,67,轉換,2771305.53400000000 ,298314.30000000000 ,,, 轉換,2770033.89100000000 ,298273.35500000000 ,,
, 地籍,轉換,100162.90363636400 ,81086.47090909090 ,,, 轉換,98891.36545454540 ,81048.35090909090 ,,
淡031A,97,支距,2770983.81300000000 ,298282.11750000000 ,-0.05,10.86418743176 , 支距,2770049.66200000000 ,298464.87050000000 ,951.80962715630 ,4.33456948578 
,67,轉換,2771187.67700000000 ,297451.41200000000 ,,, 轉換,2770253.53500000000 ,297634.14700000000 ,,
, 地籍,轉換,100043.20363636400 ,80224.02909090910 ,,, 轉換,99109.50727272730 ,80408.94363636360 ,,
淡032,97,支距,2770964.34350000000 ,298258.28150000000 ,36.15,10.98138752853 , GPS,2770044.47200000000 ,298443.71200000000 ,974.52521644718 ,4.65287246718 
,67,轉換,2771168.20800000000 ,297427.57600000000 ,,, 轉換,2770248.34400000000 ,297612.98800000000 ,,
, 地籍,轉換,100023.68727272700 ,80200.24363636360 ,,, 轉換,99104.27090909090 ,80387.80181818180 ,,
淡033,97,GPS,2770713.00200000000 ,297743.85600000000 ,77.96,11.50513474632 , GPS,2770018.83400000000 ,297992.97500000000 ,815.47575466905 ,4.64454253854 
,67,轉換,2770916.86100000000 ,296913.14800000000 ,,, 轉換,2770222.70000000000 ,297162.25600000000 ,,
, 地籍,轉換,99771.26545454550 ,79686.51454545450 ,,, 轉換,99077.65272727270 ,79937.21636363640 ,,
淡034,97,GPS,2770408.36400000000 ,297134.27200000000 ,10.58,4.54437621079 , GPS,2769856.13900000000 ,297390.41500000000 ,619.31778186843 ,5.02682716306 
,67,轉換,2770612.21800000000 ,296303.55900000000 ,,, 轉換,2770060.00100000000 ,296559.69900000000 ,,
, 地籍,轉換,99465.28909090910 ,79077.77090909090 ,,, 轉換,98913.64727272730 ,79335.14909090910 ,,
淡035,97,GPS,2770054.81900000000 ,296603.45500000000 ,62.99,4.07097460820 , GPS,2769606.78800000000 ,296841.53500000000 ,570.34969820330 ,5.28747330282 
,67,轉換,2770258.67000000000 ,295772.72900000000 ,,, 轉換,2769810.64600000000 ,296010.81700000000 ,,
, 地籍,轉換,99110.60181818180 ,78547.86545454540 ,,, 轉換,98663.10727272730 ,78786.95090909090 ,,
淡035A,97,支距,2770053.50800000000 ,296521.83400000000 ,1.54,3.89199955754 , 支距,2769536.54650000000 ,296716.31500000000 ,553.87327968084 ,5.91809992604 
,67,轉換,2770257.35800000000 ,295691.10500000000 ,,, 轉換,2769740.40400000000 ,295885.59500000000 ,,
, 地籍,轉換,99109.10909090910 ,78466.26363636360 ,,, 轉換,98592.59818181820 ,78661.91636363640 ,,
淡036,97,GPS,2769782.75300000000 ,296133.04800000000 ,13.25,3.31285310225 , GPS,2769365.36900000000 ,296419.59700000000 ,519.53029080448 ,5.82274680264 
,67,轉換,2769986.59500000000 ,295302.30300000000 ,,, 轉換,2769569.22000000000 ,295588.87100000000 ,,
, 地籍,轉換,98837.60727272730 ,78078.04909090910 ,,, 轉換,98420.80000000000 ,78365.61818181820 ,,
淡036A,97,GPS,2769619.17700000000 ,295865.28900000000 ,7.68,3.36645525021 , GPS,2769147.14700000000 ,296095.53500000000 ,532.87095709679 ,6.05187257425 
,67,轉換,2769823.01300000000 ,295034.53600000000 ,,, 轉換,2769350.98900000000 ,295264.80200000000 ,,
, 地籍,轉換,98673.48000000000 ,77810.66909090910 ,,, 轉換,98201.97090909090 ,78041.99272727270 ,,
淡037,97,GPS,2769265.86300000000 ,295380.51600000000 ,77.85,3.71402190365 , 支距,2768885.36750000000 ,295740.32400000000 ,601.52797584433 ,6.17917515046 
,67,轉換,2769469.68800000000 ,294549.76800000000 ,,, 轉換,2769089.20000000000 ,294909.59300000000 ,,
, 地籍,轉換,98319.10363636360 ,77326.78909090910 ,,, 轉換,97939.44727272730 ,77687.41272727270 ,,
淡038,97,GPS,2768636.82400000000 ,294751.82600000000 ,90.97,12.21516365145 , GPS,2768403.01200000000 ,295284.69900000000 ,672.88209428314 ,12.56219401720 
,67,轉換,2768840.62600000000 ,293921.10400000000 ,,, 轉換,2768606.82800000000 ,294453.98600000000 ,,
, 地籍,轉換,97688.68909090910 ,76699.65454545450 ,,, 轉換,97456.10000000000 ,77232.97454545450 ,,
淡039,97,GPS,2767908.46900000000 ,294370.82800000000 ,263.79,12.35878827079 , GPS,2767677.12200000000 ,294866.78700000000 ,811.05297525967 ,12.60966045213 
,67,轉換,2768112.25800000000 ,293540.14500000000 ,,, 轉換,2767880.93000000000 ,294036.11100000000 ,,
, 地籍,轉換,96959.51818181820 ,76320.45090909090 ,,, 轉換,96729.28363636360 ,76816.86181818180 ,,
淡040,97,GPS,2767281.33300000000 ,294153.15900000000 ,120.70,6.48610632234 , 支距,2767194.71450000000 ,294681.75800000000 ,656.34882837859 ,8.02389668524 
,67,轉換,2767485.12800000000 ,293322.50800000000 ,,, 轉換,2767398.53000000000 ,293851.10600000000 ,,
, 地籍,轉換,96331.91090909090 ,76104.27636363640 ,,, 轉換,96246.47454545450 ,76633.00000000000 ,,
淡041,97,GPS,2766503.47600000000 ,294024.43800000000 ,57.63,6.34838927544 , 支距,2766444.80150000000 ,294542.56800000000 ,579.07164951619 ,9.25265573121 
,67,轉換,2766707.28900000000 ,293193.82400000000 ,,, 轉換,2766648.63500000000 ,293711.95600000000 ,,
, 地籍,轉換,95553.76363636360 ,75977.43818181820 ,,, 轉換,95496.28000000000 ,76495.57636363640 ,,
淡041A,97,GPS,2766421.17000000000 ,294032.98000000000 ,65.50,6.17343309045 , 支距,2766371.89300000000 ,294535.29850000000 ,570.22972784579 ,9.17546621852 
,67,轉換,2766624.98500000000 ,293202.36800000000 ,,, 轉換,2766575.72800000000 ,293704.68900000000 ,,
, 地籍,轉換,95471.48000000000 ,75986.16727272730 ,,, 轉換,95423.36000000000 ,76488.47636363630 ,,
淡042,97,GPS,2765955.99300000000 ,293977.41400000000 ,212.02,13.60517538968 , 支距,2765928.20100000000 ,294505.77300000000 ,741.10943303096 ,9.30831675543 
,67,轉換,2766159.81900000000 ,293146.81600000000 ,,, 轉換,2766132.04600000000 ,293675.17700000000 ,,
, 地籍,轉換,95006.19090909090 ,75931.67636363640 ,,, 轉換,94979.63454545450 ,76459.97454545450 ,,
淡043,97,GPS,2765615.11200000000 ,293964.59200000000 ,81.25,14.33252905796 , 支距,2765524.37850000000 ,294507.48450000000 ,631.67241467670 ,9.49704732115 
,67,轉換,2765818.94800000000 ,293134.00000000000 ,,, 轉換,2765728.23100000000 ,293676.89100000000 ,,
, 地籍,轉換,94665.29818181820 ,75919.64909090910 ,,, 轉換,94575.84000000000 ,76462.62181818180 ,,
淡043A,97,GPS,2765367.58500000000 ,293959.10700000000 ,124.38,14.43614268608 , 支距,2765313.05350000000 ,294506.22950000000 ,674.21335156982 ,9.23124825739 
,67,轉換,2765571.42800000000 ,293128.51900000000 ,,, 轉換,2765516.91000000000 ,293675.63900000000 ,,
, 地籍,轉換,94417.77454545450 ,75914.73090909090 ,,, 轉換,94364.53090909090 ,76461.84181818180 ,,
淡044,97,GPS,2765253.75800000000 ,293956.73300000000 ,66.73,14.91370206409 , GPS,2764997.33100000000 ,294482.37300000000 ,651.58230266204 ,9.11498065568 
,67,轉換,2765457.60500000000 ,293126.14700000000 ,,, 轉換,2765201.19100000000 ,293651.78600000000 ,,
, 地籍,轉換,94303.95272727270 ,75912.61272727270 ,,, 轉換,94048.78000000000 ,76438.69636363640 ,,
淡045,97,GPS,2764604.75000000000 ,293922.16100000000 ,53.54,15.73415045304 , GPS,2764355.76700000000 ,294408.02400000000 ,599.48449265283 ,15.98711494424 
,67,轉換,2764808.61400000000 ,293091.58700000000 ,,, 轉換,2764559.63000000000 ,293577.45500000000 ,,
, 地籍,轉換,93654.93636363640 ,75879.51636363640 ,,, 轉換,93407.10909090910 ,76365.82000000000 ,,
淡046,97,GPS,2764023.16900000000 ,293686.27200000000 ,327.35,16.17622240729 , GPS,2763790.16900000000 ,294270.02500000000 ,955.88525359285 ,16.19723931171 
,67,轉換,2764227.03500000000 ,292855.72100000000 ,,, 轉換,2763994.02500000000 ,293439.48000000000 ,,
, 地籍,轉換,93072.84363636360 ,75645.02181818180 ,,, 轉換,92841.22181818180 ,76229.14181818180 ,,
淡047,97,GPS,2763665.54200000000 ,293404.17800000000 ,383.58,16.79021292347 , GPS,2763248.44200000000 ,294009.49000000000 ,1118.68205233290 ,16.92084291080 
,67,轉換,2763869.36600000000 ,292573.67100000000 ,,, 轉換,2763452.27500000000 ,293178.97900000000 ,,
, 地籍,轉換,92714.60727272730 ,75363.80727272730 ,,, 轉換,92298.94181818180 ,75969.88363636360 ,,
淡047A,97,支距,2763645.37700000000 ,293383.94950000000 ,153.25,16.64725985649 , GPS,2763242.27500000000 ,293913.54100000000 ,818.80118456529 ,8.46700000000 
,67,轉換,2763849.19700000000 ,292553.44700000000 ,,, 轉換,2763446.09700000000 ,293083.03900000000 ,,
, 地籍,轉換,92694.39818181820 ,75343.62909090910 ,,, 轉換,92292.55454545450 ,75873.97454545450 ,,
淡048,97,GPS,2763281.54600000000 ,292998.95700000000 ,299.03,17.71522979207 , GPS,2762808.07400000000 ,293567.66200000000 ,1039.03075122197 ,11.85145341307 
,67,轉換,2763485.20400000000 ,292168.57900000000 ,,, 轉換,2763011.82800000000 ,292737.22200000000 ,,
, 地籍,轉換,92329.72909090910 ,74959.55454545450 ,,, 轉換,91857.58545454540 ,75529.15454545450 ,,
淡049,97,GPS,2763006.99800000000 ,292625.68400000000 ,56.82,17.93046575878 , GPS,2762502.93400000000 ,293174.15800000000 ,801.73895181438 ,12.27580368873 
,67,轉換,2763210.33300000000 ,291795.53500000000 ,,, 轉換,2762706.57900000000 ,292343.80100000000 ,,
, 地籍,轉換,92054.36181818180 ,74586.99272727270 ,,, 轉換,91551.54727272730 ,75136.42363636360 ,,
淡050,97,GPS,2762753.94800000000 ,292227.60700000000 ,450.28,18.31925922679 , GPS,2762167.83500000000 ,292550.97100000000 ,1119.67728507433 ,13.15500729043 
,67,轉換,2762957.36500000000 ,291397.40300000000 ,,, 轉換,2762371.39600000000 ,291720.67100000000 ,,
, 地籍,轉換,91800.32909090910 ,74189.55272727270 ,,, 轉換,91214.98000000000 ,74514.10727272730 ,,
淡051,97,GPS,2762529.11300000000 ,291548.55000000000 ,542.28,20.02241148554 , GPS,2761892.50900000000 ,291842.68600000000 ,1243.55073182314 ,14.88254432075 
,67,轉換,2762732.71700000000 ,290718.22200000000 ,,, 轉換,2762096.16300000000 ,291012.33400000000 ,,
, 地籍,轉換,91573.83272727270 ,73511.11090909090 ,,, 轉換,90937.96181818180 ,73806.55636363640 ,,
淡052,97,GPS,2762408.66300000000 ,290588.12300000000 ,451.55,22.73665682690 , 支距,2761865.79550000000 ,290553.48400000000 ,995.52149086825 ,25.26513567035 
,67,轉換,2762612.42000000000 ,289757.71300000000 ,,, 轉換,2762069.59800000000 ,289723.06600000000 ,,
, 地籍,轉換,91451.11454545450 ,72551.11818181820 ,,, 轉換,90908.21636363640 ,72517.65818181820 ,,
淡053,97,GPS,2762400.09600000000 ,290200.57900000000 ,544.22,24.04835415811 , GPS,2761957.22200000000 ,290191.22600000000 ,987.19275140222 ,24.76188721939 
,67,轉換,2762603.87200000000 ,289370.16500000000 ,,, 轉換,2762161.02400000000 ,289360.81100000000 ,,
, 地籍,轉換,91441.66000000000 ,72163.65454545450 ,,, 轉換,90998.80363636360 ,72155.26181818180 ,,
淡053A,97,支距,2762287.70500000000 ,289782.84300000000 ,3.48,26.78835754743 , GPS,2761907.75000000000 ,289852.89000000000 ,389.83784479425 ,26.35235894822 
,67,轉換,2762491.48500000000 ,288952.44100000000 ,,, 轉換,2762111.55400000000 ,289022.48200000000 ,,
, 地籍,轉換,91328.32909090910 ,71746.22545454540 ,,, 轉換,90948.56181818180 ,71817.08909090910 ,,
淡054,97,GPS,2762312.85200000000 ,289411.01300000000 ,195.98,30.26603103724 , 支距,2761903.95550000000 ,289667.21200000000 ,678.50904090127 ,23.92758902329 
,67,轉換,2762516.61300000000 ,288580.63700000000 ,,, 轉換,2762107.75600000000 ,288836.81100000000 ,,
, 地籍,轉換,91352.63272727270 ,71374.39454545450 ,,, 轉換,90944.34545454540 ,71631.44727272730 ,,
淡055,97,GPS,2762103.07300000000 ,288839.20600000000 ,74.05,27.34149609977 , GPS,2761582.27800000000 ,289221.28100000000 ,719.96697426986 ,29.79683902405 
,67,轉換,2762306.79400000000 ,288008.89100000000 ,,, 轉換,2761786.09000000000 ,288390.89000000000 ,,
, 地籍,轉換,91141.57090909090 ,70803.13272727270 ,,, 轉換,90621.67636363630 ,71186.28909090910 ,,
淡056,97,GPS,2761808.29600000000 ,288369.12400000000 ,26.14,29.64764937098 , GPS,2761302.43100000000 ,288728.98600000000 ,646.94597393163 ,31.16482935086 
,67,轉換,2762011.99800000000 ,287538.87100000000 ,,, 轉換,2761506.19600000000 ,287898.71200000000 ,,
, 地籍,轉換,90845.74545454550 ,70333.76909090910 ,,, 轉換,90340.73272727270 ,70694.68909090910 ,,
淡057,97,GPS,2761456.71500000000 ,287935.42900000000 ,58.63,29.88487559998 , GPS,2761007.52100000000 ,288203.37500000000 ,581.66949043232 ,31.90421688596 
,67,轉換,2761660.42800000000 ,287105.22500000000 ,,, 轉換,2761211.22200000000 ,287373.26300000000 ,,
, 地籍,轉換,90493.20727272730 ,69900.91272727270 ,,, 轉換,90044.65454545450 ,70169.80909090910 ,,
淡058,97,GPS,2761216.63500000000 ,287377.53700000000 ,-40.68,48.93730185758 , GPS,2760565.77900000000 ,287834.08200000000 ,754.33375444741 ,35.64281903245 
,67,轉換,2761420.39800000000 ,286547.29500000000 ,,, 轉換,2760769.46200000000 ,287004.04700000000 ,,
, 地籍,轉換,90251.88363636360 ,69343.63272727270 ,,, 轉換,89602.11454545450 ,69801.54909090910 ,,
淡059,97,GPS,2761055.79200000000 ,287275.58400000000 ,66.31,29.31434175382 , GPS,2760702.33000000000 ,287476.75300000000 ,473.00933858429 ,35.79835885508 
,67,轉換,2761259.56600000000 ,286445.34100000000 ,,, 轉換,2760906.07600000000 ,286646.58500000000 ,,
, 地籍,轉換,90090.82363636360 ,69242.04909090910 ,,, 轉換,89737.84727272730 ,69443.97090909090 ,,
淡060,97,GPS,2760957.98900000000 ,287012.81500000000 ,52.07,33.95523004806 , GPS,2760496.80900000000 ,287237.35700000000 ,565.00869240306 ,37.01128916215 
,67,轉換,2761161.79200000000 ,286182.53000000000 ,,, 轉換,2760700.58300000000 ,286407.14800000000 ,,
, 地籍,轉換,89992.43272727270 ,68979.53636363640 ,,, 轉換,89531.80181818180 ,69205.06727272730 ,,
淡061,97,GPS,2760940.82900000000 ,286458.19700000000 ,79.65,40.51500927469 , GPS,2760181.44000000000 ,286799.83500000000 ,912.34933131051 ,38.81875069419 
,67,轉換,2761144.66000000000 ,285627.86100000000 ,,, 轉換,2760385.27200000000 ,285969.52300000000 ,,
, 地籍,轉換,89974.01818181820 ,68425.04000000000 ,,, 轉換,89215.46909090910 ,68768.31272727270 ,,
淡062,97,GPS,2760398.46400000000 ,286157.75100000000 ,339.77,38.40966008063 , GPS,2760002.87800000000 ,286404.09700000000 ,805.78999432654 ,41.00679672595 
,67,轉換,2760602.31000000000 ,285327.40500000000 ,,, 轉換,2760206.73400000000 ,285573.74600000000 ,,
, 地籍,轉換,89431.01818181820 ,68125.84363636360 ,,, 轉換,89036.02545454550 ,68373.03272727270 ,,
淡062A,97,支距,2759802.80200000000 ,285616.33600000000 ,0.14,48.22775346010 , 支距,2759355.75500000000 ,285927.44300000000 ,544.78537605513 ,48.39573746700 
,67,轉換,2760006.66100000000 ,284785.98100000000 ,,, 轉換,2759559.62700000000 ,285097.08000000000 ,,
, 地籍,轉換,88834.16545454540 ,67585.85636363640 ,,, 轉換,88387.86000000000 ,67897.92181818180 ,,
淡063,97,GPS,2759718.18500000000 ,285542.58000000000 ,389.15,48.91414978316 , GPS,2759233.62200000000 ,285823.48300000000 ,949.24623849663 ,48.89280300521 
,67,轉換,2759922.04600000000 ,284712.22500000000 ,,, 轉換,2759437.49500000000 ,284993.12100000000 ,,
, 地籍,轉換,88749.38181818180 ,67512.30727272730 ,,, 轉換,88265.50000000000 ,67794.25272727270 ,,
淡064,97,GPS,2759187.78700000000 ,285126.86100000000 ,233.24,49.94711781951 , GPS,2758646.58000000000 ,285447.51000000000 ,862.30342927399 ,51.11689426749 
,67,轉換,2759391.64800000000 ,284296.51500000000 ,,, 轉換,2758850.46000000000 ,284617.15200000000 ,,
, 地籍,轉換,88218.07272727270 ,67097.84909090910 ,,, 轉換,87677.64909090910 ,67419.66181818180 ,,
淡064A,97,GPS,2758644.63300000000 ,284971.22700000000 ,248.45,46.92092537568 , 支距,2758622.53300000000 ,285442.65700000000 ,720.39772475349 ,51.14974426749 
,67,轉換,2758848.50100000000 ,284140.87900000000 ,,, 轉換,2758826.41300000000 ,284612.29900000000 ,,
, 地籍,轉換,87674.61272727270 ,66943.46000000000 ,,, 轉換,87653.59272727270 ,67414.86363636360 ,,
淡065,97,GPS,2758433.28400000000 ,284712.38800000000 ,158.79,50.75189443129 , GPS,2758197.44400000000 ,284954.12100000000 ,496.51081500691 ,52.58841017983 
,67,轉換,2758637.15300000000 ,283882.03700000000 ,,, 轉換,2758401.32300000000 ,284123.77300000000 ,,
, 地籍,轉換,87462.68727272730 ,66685.14000000000 ,,, 轉換,87227.42181818180 ,66927.36909090910 ,,
淡066,97,GPS,2758075.91000000000 ,284144.10600000000 ,-54.18,59.12827643241 , 支距,2757648.13800000000 ,284279.59300000000 ,394.53551249460 ,54.79129420814 
,67,轉換,2758279.78000000000 ,283313.75800000000 ,,, 轉換,2757852.02700000000 ,283449.25200000000 ,,
, 地籍,轉換,87104.07272727270 ,66117.69454545450 ,,, 轉換,86676.58727272730 ,66254.23818181820 ,,
淡067,97,GPS,2758268.58900000000 ,283526.06200000000 ,-9.13,61.45784210032 , GPS,2757475.11500000000 ,283896.48300000000 ,866.54842608855 ,59.21480610849 
,67,轉換,2758472.44400000000 ,282695.70800000000 ,,, 轉換,2757679.00600000000 ,283066.15200000000 ,,
, 地籍,轉換,87295.33818181820 ,65499.25818181820 ,,, 轉換,86502.55090909090 ,65871.82181818180 ,,
淡068,97,GPS,2758557.36300000000 ,282930.99900000000 ,0,71.15152781371 , GPS,2757266.43900000000 ,283567.31800000000 ,1439.23126826001 ,55.49084699005 
,67,轉換,2758761.20100000000 ,282100.66100000000 ,,, 轉換,2757470.33800000000 ,282736.99700000000 ,,
, 地籍,轉換,87582.72545454540 ,64903.63272727270 ,,, 轉換,86293.14181818180 ,65543.18181818180 ,,
淡069,97,GPS,2758035.76700000000 ,282371.88300000000 ,34.04,59.98928928844 , GPS,2756842.61200000000 ,283017.90600000000 ,1390.86149546415 ,60.78525687133 
,67,轉換,2758239.63700000000 ,281541.56800000000 ,,, 轉換,2757046.53200000000 ,282187.61300000000 ,,
, 地籍,轉換,87059.88727272730 ,64345.78363636360 ,,, 轉換,85868.08727272730 ,64994.82181818180 ,,
淡070,97,GPS,2756955.95600000000 ,282240.15200000000 ,743.05,60.89366760989 , GPS,2756660.97600000000 ,282465.33300000000 ,1114.15602684540 ,77.69956508828 
,67,轉換,2757159.88100000000 ,281409.87300000000 ,,, 轉換,2756864.91000000000 ,281635.06000000000 ,,
, 地籍,轉換,85979.62909090910 ,64216.90545454550 ,,, 轉換,85685.18545454540 ,64442.73818181820 ,,
淡071,97,GPS,2756588.10900000000 ,281958.58100000000 ,916.64,62.88637086435 , 支距,2756335.98750000000 ,282246.51400000000 ,1299.35485893731 ,133.68068400731 
,67,轉換,2756792.05200000000 ,281128.32600000000 ,,, 轉換,2756539.93700000000 ,281416.26200000000 ,,
, 地籍,轉換,85611.15454545450 ,63936.22181818180 ,,, 轉換,85359.71272727270 ,64224.69818181820 ,,
淡072,97,GPS,2756077.89700000000 ,281670.20700000000 ,"1,281.13",65.27229181112 , 轉換,2755893.10800000000 ,281914.74800000000 ,1587.63819760973 ,60.93400000000 
,67,轉換,2756281.86200000000 ,280839.98600000000 ,,, 轉換,2756097.07600000000 ,281084.52600000000 ,,
, 地籍,轉換,85100.30545454550 ,63649.06545454540 ,,, 轉換,84916.09272727270 ,63893.99818181820 ,,
淡073,97,GPS,2755850.44100000000 ,280885.59900000000 ,"1,218.26",69.63731455732 , 支距,2755439.24500000000 ,281354.19800000000 ,1841.69177110008 ,80.70402911073 
,67,轉換,2756054.41300000000 ,280055.41600000000 ,,, 轉換,2755643.21600000000 ,280524.01000000000 ,,
, 地籍,轉換,84871.00181818180 ,62865.03454545450 ,,, 轉換,84460.94727272730 ,63334.55818181820 ,,
淡074,97,GPS,2755508.40600000000 ,280386.96000000000 ,916.27,73.90080455733 , 支距,2755120.89300000000 ,280782.74400000000 ,1470.17549719680 ,84.77441604613 
,67,轉換,2755712.37700000000 ,279556.80500000000 ,,, 轉換,2755324.84900000000 ,279952.57700000000 ,,
, 地籍,轉換,84527.82727272730 ,62367.24545454550 ,,, 轉換,84141.26727272730 ,62763.89454545450 ,,
淡075,97,GPS,2755022.87400000000 ,279882.01900000000 ,560.04,81.25066364401 , GPS,2754688.20800000000 ,280455.48900000000 ,1224.01979822872 ,96.69514107857 
,67,轉換,2755226.81000000000 ,279051.87700000000 ,,, 轉換,2754892.15000000000 ,279625.38100000000 ,,
, 地籍,轉換,84041.14909090910 ,61863.49090909090 ,,, 轉換,83707.82181818180 ,62437.65818181820 ,,
淡076,97,GPS,2754452.34100000000 ,279565.90600000000 ,238.51,78.50187802514 , GPS,2754268.38400000000 ,279828.04300000000 ,558.75363322004 ,79.58489447815 
,67,轉換,2754656.25400000000 ,278735.85700000000 ,,, 轉換,2754472.31000000000 ,278997.99400000000 ,,
, 地籍,轉換,83469.91090909090 ,61548.73818181820 ,,, 轉換,83286.56545454540 ,61811.26363636360 ,,
淡077,97,GPS,2754283.82600000000 ,279038.38300000000 ,-15.99,105.66007642191 , GPS,2753992.73900000000 ,279449.62500000000 ,487.84690231356 ,84.57707397232 
,67,轉換,2754487.72400000000 ,278208.35700000000 ,,, 轉換,2754196.65900000000 ,278619.59700000000 ,,
, 地籍,轉換,83300.18363636360 ,61021.67454545450 ,,, 轉換,83010.05818181820 ,61433.53636363640 ,,
淡078,97,GPS,2753745.39900000000 ,278593.55000000000 ,266.05,85.45533448079 , 支距,2753445.36650000000 ,279071.15750000000 ,830.07874493470 ,87.77501598286 
,67,轉換,2753949.29000000000 ,277763.55400000000 ,,, 轉換,2753649.28700000000 ,278241.16300000000 ,,
, 地籍,轉換,82760.74727272730 ,60578.14545454550 ,,, 轉換,82461.83454545450 ,61056.38909090910 ,,
淡078A,97,GPS,2753809.50700000000 ,278210.04000000000 ,-44.63,102.94070397611 , GPS,2753374.17700000000 ,278897.50000000000 ,769.07354583232 ,92.22671582203 
,67,轉換,2754013.38700000000 ,277380.03600000000 ,,, 轉換,2753578.09400000000 ,278067.50600000000 ,,
, 地籍,轉換,82823.99090909090 ,60194.56727272730 ,,, 轉換,82390.24909090910 ,60882.92363636360 ,,
淡078B,97,GPS,2753111.65000000000 ,278426.46900000000 ,0.94,95.32259908583 , 支距,2753030.67100000000 ,278742.65000000000 ,327.32630976497 ,95.89854022471 
,67,轉換,2753315.55000000000 ,277596.50200000000 ,,, 轉換,2753234.59300000000 ,277912.66700000000 ,,
, 地籍,轉換,82126.65636363640 ,60412.58545454540 ,,, 轉換,82046.41454545450 ,60728.91636363640 ,,
淡079,97,GPS,2752997.70900000000 ,278303.69500000000 ,-171.83,89.83960640577 , GPS,2752972.51000000000 ,278845.48300000000 ,370.54369639853 ,115.75664212081 
,67,轉換,2753201.61200000000 ,277473.71900000000 ,,, 轉換,2753176.44400000000 ,278015.48800000000 ,,
, 地籍,轉換,82012.44181818180 ,60290.10000000000 ,,, 轉換,81988.49454545450 ,60831.87272727270 ,,
淡080,97,GPS,2752478.38800000000 ,278183.25300000000 ,268.69,95.77801923385 , GPS,2752246.06300000000 ,278646.20700000000 ,786.66809967299 ,91.93236688991 
,67,轉換,2752682.31500000000 ,277353.26300000000 ,,, 轉換,2752450.02100000000 ,277816.23600000000 ,,
, 地籍,轉換,81492.86363636360 ,60170.87454545450 ,,, 轉換,81261.61636363640 ,60634.30363636360 ,,
淡080A,97,GPS,2752076.45800000000 ,277980.33100000000 ,43.33,92.09959688597 , 支距,2751803.15300000000 ,278356.44200000000 ,508.25484053455 ,95.93688603835 
,67,轉換,2752280.39000000000 ,277150.36200000000 ,,, 轉換,2752007.11600000000 ,277526.49900000000 ,,
, 地籍,轉換,81090.47818181820 ,59968.91454545450 ,,, 轉換,80818.05090909090 ,60345.60545454540 ,,
淡081,97,GPS,2751951.61600000000 ,277787.93100000000 ,154,95.23503253416 , GPS,2751594.74300000000 ,278449.82200000000 ,905.96943688564 ,104.10504401934 
,67,轉換,2752155.54200000000 ,276957.96400000000 ,,, 轉換,2751798.72100000000 ,277619.89900000000 ,,
, 地籍,轉換,80965.19636363640 ,59776.82909090910 ,,, 轉換,80609.86363636360 ,60439.45636363640 ,,
淡082,97,支距,2751499.90900000000 ,277178.41800000000 ,-1.03,99.78539873856 , GPS,2750995.61700000000 ,278144.71700000000 ,1088.94439358221 ,94.81150453201 
,67,轉換,2751703.82000000000 ,276348.46100000000 ,,, 轉換,2751199.61300000000 ,277314.83500000000 ,,
, 地籍,轉換,80512.12000000000 ,59168.46363636360 ,,, 轉換,80010.05090909090 ,60135.78909090910 ,,
淡083,97,GPS,2750536.48600000000 ,277388.22700000000 ,698.27,103.52853815673 , GPS,2750088.56700000000 ,278261.30100000000 ,1679.53940237487 ,114.57117498325 
,67,轉換,2750740.50100000000 ,276558.36700000000 ,,, 轉換,2750292.65300000000 ,277431.53100000000 ,,
, 地籍,轉換,79549.18727272730 ,59380.47454545450 ,,, 轉換,79103.37818181820 ,60254.35090909090 ,,
淡084,97,GPS,2750093.15300000000 ,277246.34700000000 ,633.71,106.07000213928 , GPS,2749756.11400000000 ,277915.18300000000 ,1382.66719665207 ,107.49695898356 
,67,轉換,2750297.17000000000 ,276416.48700000000 ,,, 轉換,2749960.19500000000 ,277085.41400000000 ,,
, 地籍,轉換,79105.54000000000 ,59239.64727272730 ,,, 轉換,78770.13636363640 ,59909.05818181820 ,,
淡085,97,GPS,2749561.40900000000 ,276768.11500000000 ,472.92,110.17984844029 , GPS,2749173.36100000000 ,277671.89900000000 ,1456.48838550247 ,109.16916919328 
,67,轉換,2749765.43700000000 ,275938.24200000000 ,,, 轉換,2749377.48700000000 ,276842.17600000000 ,,
, 地籍,轉換,78572.71090909090 ,58762.72181818180 ,,, 轉換,78186.82545454550 ,59667.18000000000 ,,
淡086,97,GPS,2748998.29100000000 ,276859.04000000000 ,859.85,113.59983454246 , GPS,2748693.05300000000 ,277429.13400000000 ,1506.51637880770 ,150.83952558836 
,67,轉換,2749202.38700000000 ,276029.23400000000 ,,, 轉換,2748897.21900000000 ,276599.44000000000 ,,
, 地籍,轉換,78009.86545454540 ,58854.88181818180 ,,, 轉換,77705.95272727270 ,59425.58363636360 ,,
淡087,97,支距,2748476.44700000000 ,276331.88300000000 ,531.23,118.65261528578 , GPS,2748322.01000000000 ,276833.86700000000 ,1056.43350648579 ,115.96573780810 
,67,轉換,2748680.57400000000 ,275502.03900000000 ,,, 轉換,2748526.18700000000 ,276004.12100000000 ,,
, 地籍,轉換,77486.82363636360 ,58329.03454545450 ,,, 轉換,77333.54727272730 ,58831.28727272730 ,,
淡088,97,GPS,2748250.29900000000 ,275795.84800000000 ,-0.03,165.08282009770 , GPS,2747838.83400000000 ,276611.16000000000 ,913.22631865825 ,120.05892462148 
,67,轉換,2748454.42200000000 ,274965.91700000000 ,,, 轉換,2748043.06000000000 ,275781.41700000000 ,,
, 地籍,轉換,77259.44000000000 ,57793.65272727270 ,,, 轉換,76849.87090909090 ,58609.75636363640 ,,
淡089,97,GPS,2747721.02500000000 ,275985.24700000000 ,264.42,123.39018720972 , GPS,2746937.16200000000 ,277212.31000000000 ,1720.48483672187 ,134.39915617075 
,67,轉換,2747925.23000000000 ,275155.38000000000 ,,, 轉換,2747141.53600000000 ,276382.78600000000 ,,
, 地籍,轉換,76730.61636363640 ,57984.26000000000 ,,, 轉換,75949.57272727270 ,59212.95272727270 ,,
淡090,97,GPS,2747311.15900000000 ,275739.58900000000 ,473.60,126.58628504341 , 支距,2746484.55450000000 ,276711.44350000000 ,1749.44331663066 ,134.19519452739 
,67,轉換,2747515.40700000000 ,274909.68100000000 ,,, 轉換,2746688.95700000000 ,275881.82600000000 ,,
, 地籍,轉換,76320.21818181820 ,57739.59272727270 ,,, 轉換,75495.86181818180 ,58713.22727272730 ,,
淡090A,97,支距,2746480.52150000000 ,275470.25450000000 ,-14.68,140.90963913209 , GPS,2746159.47800000000 ,275944.39500000000 ,557.92644655150 ,140.91758612159 
,67,轉換,2746684.87200000000 ,274640.29400000000 ,,, 轉換,2746363.88800000000 ,275114.58000000000 ,,
, 地籍,轉換,75489.02545454550 ,57472.23818181820 ,,, 轉換,75169.07818181820 ,57947.06000000000 ,,